Date;Description;Original Description;Amount;;Transaction Type;Category;Account Name;Labels;Notes
12/12/2014;PetSmart;PURCHASE AUTHORIZED ON 12/12 PETSMART INC 2256 TEMPE AZ P00584346612870965 CARD 9577;47.01;;debit;Pet Food & Supplies;CHECKING;;
12/11/2014;PetSmart;PURCHASE AUTHORIZED ON 12/11 PETSMART INC 2256 TEMPE AZ P00584345706370686 CARD 9577;22.69;;debit;Pet Food & Supplies;CHECKING;;
12/02/2014;PetSmart;PURCHASE AUTHORIZED ON 12/02 PETSMART INC 2256 TEMPE AZ P00304336580702399 CARD 3327;30.13;99.83;137.354;Pet Food & Supplies;CHECKING;;
11/21/2014;PetSmart;POS PURCHASE - PETSMART INC 2256 TEMPE AZ 1608 00584326049297074;14.8;;debit;Pet Food & Supplies;CHECKING;;
11/17/2014;PetSmart;POS PURCHASE - PETSMART INC 2256 TEMPE AZ 1608 00384319650230541;22.69;;debit;Pet Food & Supplies;CHECKING;;
11/12/2014;PetSmart;POS PURCHASE - PETSMART INC 2256 TEMPE AZ 1608 00584315674130960;9.84;;debit;Pet Food & Supplies;CHECKING;;
11/10/2014;PetSmart;POS PURCHASE - PETSMART INC 2256 TEMPE AZ 1608 00304312599095898;11.23;;debit;Pet Food & Supplies;CHECKING;;
11/05/2014;PetSmart;POS PURCHASE - PETSMART INC 2256 TEMPE AZ 1608 00464309708598475;84.49;143.05;debit;Pet Food & Supplies;CHECKING;;
10/28/2014;PetSmart;POS PURCHASE - PETSMART INC 2256 TEMPE AZ 1608 00584301637734531;97.28;;debit;Pet Food & Supplies;CHECKING;;
10/20/2014;PetSmart;POS PURCHASE - PETSMART INC 2256 TEMPE AZ 1608 00584291749173595;21.61;;debit;Pet Food & Supplies;CHECKING;;
10/14/2014;PetSmart;POS PURCHASE - PETSMART INC 2256 TEMPE AZ 1608 00384285761453785;13.26;;debit;Pet Food & Supplies;CHECKING;;
10/01/2014;PetSmart;POS PURCHASE - PETSMART INC 2256 TEMPE AZ 1608 00304274657070623;69.16;201.31;debit;Pet Food & Supplies;CHECKING;;
9/23/2014;PetSmart;POS PURCHASE - PETSMART INC 2256 TEMPE AZ 1608 00304266106288840;4.86;;debit;Pet Food & Supplies;CHECKING;;
9/19/2014;PetSmart;POS PURCHASE - PETSMART INC 2256 TEMPE AZ 1608 00384262706539080;87.52;;debit;Pet Food & Supplies;CHECKING;;
9/15/2014;PetSmart;POS PURCHASE - PETSMART INC 2256 TEMPE AZ 1608 00464256124142633;4.05;;debit;Pet Food & Supplies;CHECKING;;
9/02/2014;PetSmart;POS PURCHASE - PETSMART INC 2256 TEMPE AZ 1608 00304245825920424;41.33;137.76;debit;Pet Food & Supplies;CHECKING;;
8/25/2014;PetSmart;POS PURCHASE - PETSMART INC 2256 TEMPE AZ 1608 00464235817116185;21.61;;debit;Pet Food & Supplies;CHECKING;;
8/04/2014;PetSmart;POS PURCHASE - PETSMART INC 2256 TEMPE AZ 1608 00464215739775610;21.61;;debit;Pet Food & Supplies;CHECKING;;
7/09/2014;PetSmart;POS PURCHASE - PETSMART INC 2256 TEMPE AZ 1608 00584190614233811;30.1;;debit;Pet Food & Supplies;CHECKING;;
6/30/2014;Petco;POS PURCHASE - PETCO 915 TEMPE AZ 1608 00304181812095471;24.9;;debit;Pet Food & Supplies;CHECKING;;
6/27/2014;PetSmart;POS PURCHASE - PETSMART INC 2256 TEMPE AZ 1608 00584178815102403;7.04;;debit;Pet Food & Supplies;CHECKING;;
6/25/2014;PetSmart;POS PURCHASE - PETSMART INC 2256 TEMPE AZ 1608 00304176789857442;8.65;;debit;Pet Food & Supplies;CHECKING;;
6/10/2014;PetSmart;POS PURCHASE - PETSMART INC 2256 TEMPE AZ 1608 00464161657258543;97.37;;debit;Pet Food & Supplies;CHECKING;;
5/23/2014;PetSmart;POS PURCHASE - PETSMART INC 2256 TEMPE AZ 1608 00384144032660682;42.22;;debit;Pet Food & Supplies;CHECKING;;
5/13/2014;PetSmart;POS PURCHASE - PETSMART INC 2256 TEMPE AZ 1608 00304133535766972;53.86;;debit;Pet Food & Supplies;CHECKING;;
4/25/2014;PetSmart;POS PURCHASE - PETSMART INC 2256 TEMPE AZ 1608 00584115699842470;26.31;;debit;Pet Food & Supplies;CHECKING;;
4/07/2014;PetSmart;POS PURCHASE - PETSMART INC 2256 TEMPE AZ 5293 00464098027063433;52.31;;debit;Pet Food & Supplies;CHECKING;;
3/24/2014;PetSmart;POS PURCHASE - PETSMART INC 2256 TEMPE AZ 5779 00584081767672785;28.69;;debit;Pet Food & Supplies;CHECKING;;
3/14/2014;PetSmart;POS PURCHASE - PETSMART INC 2256 TEMPE AZ 5779 00584073668705911;43.3;;debit;Pet Food & Supplies;CHECKING;;
2/28/2014;PetSmart;POS PURCHASE - PETSMART INC 2256 TEMPE AZ 5779 00584059751825726;32.52;;debit;Pet Food & Supplies;CHECKING;;
2/12/2014;PetSmart;POS PURCHASE - PETSMART INC 2256 TEMPE AZ 5779 00584043730411066;45.25;;debit;Pet Food & Supplies;CHECKING;;
1/30/2014;Petco;POS PURCHASE - PETCO 915 TEMPE AZ 5779 00584030655044250;2.06;;debit;Pet Food & Supplies;CHECKING;;
1/30/2014;PetSmart;POS PURCHASE - PETSMART INC 2256 TEMPE AZ 5779 00584030754022486;21.65;;debit;Pet Food & Supplies;CHECKING;;
1/27/2014;PetSmart;POS PURCHASE - PETSMART INC 2256 TEMPE AZ 5779 00464026728997229;19.48;;debit;Pet Food & Supplies;CHECKING;;
1/21/2014;PetSmart;POS PURCHASE - PETSMART INC 2256 TEMPE AZ 5779 00384018643856912;61.63;104.82;debit;Pet Food & Supplies;CHECKING;;
12/24/2013;PetSmart;POS PURCHASE - PETSMART INC 2256 TEMPE AZ 5293 00463358797771640;68.47;;debit;Pet Food & Supplies;CHECKING;;
12/16/2013;PetSmart;POS PURCHASE - PETSMART INC 2256 TEMPE AZ 5779 00463348640573443;21.11;;debit;Pet Food & Supplies;CHECKING;;
12/04/2013;PetSmart;POS PURCHASE - PETSMART INC 2256 TEMPE AZ 5779 00303338667152031;29.23;;debit;Pet Food & Supplies;CHECKING;;
11/26/2013;PetSmart;POS PURCHASE - PETSMART INC 2256 TEMPE AZ 5779 00583330828764390;69.93;;debit;Pet Food & Supplies;CHECKING;;
11/12/2013;PetSmart;POS PURCHASE - PETSMART INC 2256 TEMPE AZ 5779 00463313622368707;28.15;;debit;Pet Food & Supplies;CHECKING;;
11/04/2013;PetSmart;POS PURCHASE - PETSMART INC 2256 TEMPE AZ 5779 00583308782618125;51.07;;debit;Pet Food & Supplies;CHECKING;;
10/24/2013;PetSmart;POS PURCHASE - PETSMART INC 2256 1140 TEMPE AZ 5779 00000000249326496;40.92;;debit;Pet Food & Supplies;CHECKING;;
10/07/2013;PetSmart;POS PURCHASE - PETSMART INC 22 TEMPE AZ 5293 00000000454131282;34.09;;debit;Pet Food & Supplies;CHECKING;;
9/25/2013;PetSmart;POS PURCHASE - PETSMART INC 22 TEMPE AZ 5779 00000000651534736;21.63;;debit;Pet Food & Supplies;CHECKING;;
9/16/2013;PetSmart;POS PURCHASE - PETSMART INC 22 TEMPE AZ 5779 00000000055433130;20.57;;debit;Pet Food & Supplies;CHECKING;;
9/11/2013;PetSmart;POS PURCHASE - PETSMART INC 22 TEMPE AZ 5293 00000000446343027;19.48;;debit;Pet Food & Supplies;CHECKING;;
8/30/2013;PetSmart;POS PURCHASE - PETSMART INC 22 TEMPE AZ 5779 00000000445512743;37.87;;debit;Pet Food & Supplies;CHECKING;;
8/21/2013;PetSmart;POS PURCHASE - PETSMART INC 22 TEMPE AZ 5293 00000000745657065;15.15;;debit;Pet Food & Supplies;CHECKING;;
8/08/2013;PetSmart;POS PURCHASE - PETSMART INC 22 TEMPE AZ 5293 00000000450881626;38.97;;debit;Pet Food & Supplies;CHECKING;;
8/01/2013;PetSmart;POS PURCHASE - PETSMART INC 22 TEMPE AZ 5293 00000000645762853;24.89;;debit;Pet Food & Supplies;CHECKING;;
7/25/2013;PetSmart;POS PURCHASE - PETSMART INC 22 TEMPE AZ 5293 00000000539060760;31.39;;debit;Pet Food & Supplies;CHECKING;;
7/09/2013;PetSmart;POS PURCHASE - PETSMART INC 2256 TEMPE AZ 5779 00463191017700426;26.84;;debit;Pet Food & Supplies;CHECKING;;
6/26/2013;PetSmart;POS PURCHASE - PETSMART INC 2256 TEMPE AZ 5779 00303177784583392;1.89;;debit;Pet Food & Supplies;CHECKING;;
6/21/2013;PetSmart;POS PURCHASE - PETSMART INC 2256 TEMPE AZ 5779 00463172641323550;44.58;;debit;Pet Food & Supplies;CHECKING;;
6/17/2013;PetSmart;POS PURCHASE - PETSMART INC 2256 TEMPE AZ 5293 00303168660152735;43.24;;debit;Pet Food & Supplies;CHECKING;;
6/17/2013;PetSmart;POS PURCHASE - PETSMART INC 2256 TEMPE AZ 5779 00583167731894046;85.62;;debit;Pet Food & Supplies;CHECKING;;
